,Date,Tweet Id,Content,Username,LikeCount,retweetCount,source
0,2021-06-30 23:33:27+00:00,1410380993932894208,https://t.co/rI4I5BUjBH,ravensymone,130,29,"<a href=""http://twitter.com/download/iphone"" rel=""nofollow"">Twitter for iPhone</a>"
1,2021-06-13 18:48:10+00:00,1404148607041695749,@KyleMassey @RondellSheridan Hahah,ravensymone,97,12,"<a href=""http://twitter.com/download/iphone"" rel=""nofollow"">Twitter for iPhone</a>"
2,2021-05-03 12:30:25+00:00,1389195641931194375,@nkjemisin How can we sit down and have a talk. I feel like good things would happen...,ravensymone,10,13,"<a href=""http://twitter.com/download/iphone"" rel=""nofollow"">Twitter for iPhone</a>"
3,2020-07-17 05:01:21+00:00,1283990148196085760,https://t.co/OM0sjuOoy2,ravensymone,268,77,"<a href=""http://twitter.com/download/iphone"" rel=""nofollow"">Twitter for iPhone</a>"
4,2020-05-28 00:51:23+00:00,1265807849902370816,"This requires more than tweets, indictments, this requires CHANGE, MENTAL HEALTH EVALUATIONS, NEW THOUGHT PROCESSES, and MORE FILMING!!! . My heart goes out to the family.",ravensymone,989,227,"<a href=""http://twitter.com/download/iphone"" rel=""nofollow"">Twitter for iPhone</a>"
5,2020-05-26 22:03:24+00:00,1265403185339879425,@melodyMcooper WTF. Smh.,ravensymone,78,41,"<a href=""http://twitter.com/download/iphone"" rel=""nofollow"">Twitter for iPhone</a>"
6,2020-05-21 21:41:29+00:00,1263585731139694610,Shout out to @Kandi #JesseMcCartney &amp; @smoss and EVERYONE ELSE for Entertaining us!!!!!!  @Kandi Congratulations on winning the Masked Singer!!! ğŸ¦¹ğŸ½â€â™€ï¸,ravensymone,613,93,"<a href=""http://twitter.com/download/iphone"" rel=""nofollow"">Twitter for iPhone</a>"
7,2020-05-21 04:06:18+00:00,1263320185919832065,@FOXTV ULTIMATE TAG?????!?!?!??!?!!?!  Awesome! @FOXLaborofLove tomorrow see yâ€™all on the couch tomorrow #celebritywatchparty,ravensymone,20,7,"<a href=""http://twitter.com/download/iphone"" rel=""nofollow"">Twitter for iPhone</a>"
8,2020-05-21 04:04:07+00:00,1263319638709960704,Congratulations to @Kandi for the win tonight!!!!!!!,ravensymone,279,46,"<a href=""http://twitter.com/download/iphone"" rel=""nofollow"">Twitter for iPhone</a>"
9,2020-05-21 03:46:42+00:00,1263315252944355328,Iâ€™m watching the @MaskedSingerFOX finale!!!! Whatâ€™s up @smoss,ravensymone,385,58,"<a href=""http://twitter.com/download/iphone"" rel=""nofollow"">Twitter for iPhone</a>"
10,2020-05-10 15:54:28+00:00,1259512134787952640,@DzemailO Oh GA,ravensymone,264,9,"<a href=""http://twitter.com/download/iphone"" rel=""nofollow"">Twitter for iPhone</a>"
11,2020-04-16 08:12:40+00:00,1250698612838789126,@torylanez Next time letâ€™s ğŸ¾ğŸ¾ durin this quarantine time!! Xoxoxo,ravensymone,206,18,"<a href=""http://twitter.com/download/iphone"" rel=""nofollow"">Twitter for iPhone</a>"
12,2020-04-10 18:40:30+00:00,1248682284753891329,@XXL Mine #infrasounds #bu on Spotify,ravensymone,37,30,"<a href=""http://twitter.com/download/iphone"" rel=""nofollow"">Twitter for iPhone</a>"
13,2020-04-10 04:33:03+00:00,1248469015678181376,https://t.co/X5ih047IiD,ravensymone,185,64,"<a href=""http://twitter.com/download/iphone"" rel=""nofollow"">Twitter for iPhone</a>"
14,2020-04-10 04:31:54+00:00,1248468726120198144,https://t.co/X5ih047IiD,ravensymone,166,57,"<a href=""http://twitter.com/download/iphone"" rel=""nofollow"">Twitter for iPhone</a>"
15,2020-04-08 22:34:28+00:00,1248016389010423808,@POTUS The press conference was easier to watch. Thank you bro.,ravensymone,10,8,"<a href=""http://twitter.com/download/iphone"" rel=""nofollow"">Twitter for iPhone</a>"
16,2020-04-03 19:05:01+00:00,1246151738307923968,@HotNewHipHop Thanks for the shout out!!! Seriously!! https://t.co/fsqgNsls5l something new,ravensymone,21,12,"<a href=""http://twitter.com/download/iphone"" rel=""nofollow"">Twitter for iPhone</a>"
17,2020-04-03 19:01:50+00:00,1246150939083337728,@WORLDSTAR @HipHopDX @MTV @SoundCloud @Vevo @LilKim @POPSUGAR @BuzzFeed https://t.co/fsqgNsls5l. Just wanted to share with a few some new music! Check the link. #NewMusicFriday #hiphop #love #coronavirus #2020,ravensymone,30,15,"<a href=""http://twitter.com/download/iphone"" rel=""nofollow"">Twitter for iPhone</a>"
18,2020-04-02 23:30:38+00:00,1245856194658328576,@realDonaldTrump You should stand between the screen while others speak on the stage. It helps with distancing...,ravensymone,18,8,"<a href=""http://twitter.com/download/iphone"" rel=""nofollow"">Twitter for iPhone</a>"
19,2020-03-29 04:27:08+00:00,1244118873990807552,@luandb Bonnie nuit!!,ravensymone,6,2,"<a href=""http://twitter.com/download/iphone"" rel=""nofollow"">Twitter for iPhone</a>"
20,2020-03-27 23:18:40+00:00,1243678857166635008,@QuaniPooh Try iTunes on Monday. Itâ€™s on YouTube now,ravensymone,6,5,"<a href=""http://twitter.com/download/iphone"" rel=""nofollow"">Twitter for iPhone</a>"
21,2020-03-27 23:18:10+00:00,1243678729764659200,@israfafer Of course the more the merrier,ravensymone,15,6,"<a href=""http://twitter.com/download/iphone"" rel=""nofollow"">Twitter for iPhone</a>"
22,2020-03-27 19:53:17+00:00,1243627168359309312,@israfafer Ok Iâ€™m going live on pop sugar at 1:30 Iâ€™ll be live after. We gonna do this,ravensymone,6,1,"<a href=""http://twitter.com/download/iphone"" rel=""nofollow"">Twitter for iPhone</a>"
23,2020-03-27 18:11:53+00:00,1243601650532507649,@israfafer Under #33000 #raven #infrasounds #spacetruck,ravensymone,20,29,"<a href=""http://twitter.com/download/iphone"" rel=""nofollow"">Twitter for iPhone</a>"
24,2020-03-27 18:11:19+00:00,1243601507515166721,@israfafer Spotify,ravensymone,6,5,"<a href=""http://twitter.com/download/iphone"" rel=""nofollow"">Twitter for iPhone</a>"
25,2020-03-27 18:05:03+00:00,1243599933996843008,Check out #NewMusicFriday.   https://t.co/bNqF4DdijZ https://t.co/ETvKKhrYXF,ravensymone,155,40,"<a href=""http://twitter.com/download/iphone"" rel=""nofollow"">Twitter for iPhone</a>"
26,2020-03-27 18:03:37+00:00,1243599571822841861,https://t.co/bNqF4DdijZ,ravensymone,66,22,"<a href=""http://twitter.com/download/iphone"" rel=""nofollow"">Twitter for iPhone</a>"
27,2020-03-27 18:03:30+00:00,1243599540743102464,https://t.co/vzdVO7BTiA,ravensymone,70,16,"<a href=""http://twitter.com/download/iphone"" rel=""nofollow"">Twitter for iPhone</a>"
28,2020-03-17 16:14:58+00:00,1239948349622472705,@SilentDPro1992 Smh ğŸ¤¦â€â™€ï¸,ravensymone,5,1,"<a href=""http://twitter.com/download/iphone"" rel=""nofollow"">Twitter for iPhone</a>"
29,2020-03-17 15:44:13+00:00,1239940612838707205,"Please!  There are only 14 more days for this recommended self quarantine. Health is more important for the world, than that #bag right now",ravensymone,232,41,"<a href=""http://twitter.com/download/iphone"" rel=""nofollow"">Twitter for iPhone</a>"
30,2020-03-17 15:42:08+00:00,1239940085660831746,#Telehealth,ravensymone,55,12,"<a href=""http://twitter.com/download/iphone"" rel=""nofollow"">Twitter for iPhone</a>"
31,2020-03-17 15:40:19+00:00,1239939629136003072,Here he talks again! @WhiteHouse,ravensymone,63,16,"<a href=""http://twitter.com/download/iphone"" rel=""nofollow"">Twitter for iPhone</a>"
32,2020-03-17 14:24:20+00:00,1239920507408932866,https://t.co/J9cq1rwWtF,ravensymone,47,12,"<a href=""http://twitter.com/download/iphone"" rel=""nofollow"">Twitter for iPhone</a>"
33,2020-03-06 21:26:16+00:00,1236040424512311296,@msdebbieallen Hahah!,ravensymone,25,7,"<a href=""http://twitter.com/download/iphone"" rel=""nofollow"">Twitter for iPhone</a>"
34,2020-03-05 05:11:19+00:00,1235432683586510848,https://t.co/p9L2cDJZsW,ravensymone,120,28,"<a href=""http://twitter.com/download/iphone"" rel=""nofollow"">Twitter for iPhone</a>"
35,2020-03-05 05:11:02+00:00,1235432611389960195,https://t.co/puq4AuG7Uw,ravensymone,189,40,"<a href=""http://twitter.com/download/iphone"" rel=""nofollow"">Twitter for iPhone</a>"
36,2020-03-05 05:09:43+00:00,1235432281604370433,https://t.co/4YHhz7OKrt,ravensymone,136,41,"<a href=""http://twitter.com/download/iphone"" rel=""nofollow"">Twitter for iPhone</a>"
37,2020-03-05 05:07:52+00:00,1235431815558492160,https://t.co/Dzb9MSv7n8,ravensymone,155,50,"<a href=""http://twitter.com/download/iphone"" rel=""nofollow"">Twitter for iPhone</a>"
38,2020-03-05 05:05:17+00:00,1235431165953073152,https://t.co/jY5leebFA8,ravensymone,121,23,"<a href=""http://twitter.com/download/iphone"" rel=""nofollow"">Twitter for iPhone</a>"
39,2020-02-16 15:21:27+00:00,1229063246067326976,@MillaJovobitch I was eating wings! Lol,ravensymone,109,6,"<a href=""http://twitter.com/download/iphone"" rel=""nofollow"">Twitter for iPhone</a>"
40,2020-02-14 00:42:01+00:00,1228117154119110656,This part https://t.co/eM7T6YZ5Hi,ravensymone,82,17,"<a href=""http://twitter.com/download/iphone"" rel=""nofollow"">Twitter for iPhone</a>"
41,2020-02-07 13:57:20+00:00,1225780588121972736,Ya know. Goals nowadays #SanDiego made this happen for sure #slackerradio #iHeartRadio @AustinBrown and EVERYONE INVOLVED IN THE REVELATION TO SELF https://t.co/K2gVHmlMmM,ravensymone,152,23,"<a href=""http://twitter.com/download/iphone"" rel=""nofollow"">Twitter for iPhone</a>"
42,2020-01-24 20:28:08+00:00,1220805504387047425,"#infrasounds should we make more?  They might not be able to wrap their mind around it. Oh well, Iâ€™ll do it for me, for us, for the release. #33000",ravensymone,98,23,"<a href=""http://twitter.com/download/iphone"" rel=""nofollow"">Twitter for iPhone</a>"
43,2020-01-24 20:24:39+00:00,1220804626313707520,Just the #essentials today please! https://t.co/kLa2krizYT,ravensymone,725,98,"<a href=""http://twitter.com/download/iphone"" rel=""nofollow"">Twitter for iPhone</a>"
44,2020-01-16 19:51:16+00:00,1217897125033332737,#33000infrasounds https://t.co/V2jIUuOycp,ravensymone,203,32,"<a href=""http://twitter.com/download/iphone"" rel=""nofollow"">Twitter for iPhone</a>"
45,2020-01-16 19:49:42+00:00,1217896731385294848,More on @instagram #33000infrasounds https://t.co/RESZMy6LpG,ravensymone,159,26,"<a href=""http://twitter.com/download/iphone"" rel=""nofollow"">Twitter for iPhone</a>"
46,2020-01-16 19:43:15+00:00,1217895105832448000,#33000 #infrasounds. Coming soon,ravensymone,88,25,"<a href=""http://twitter.com/download/iphone"" rel=""nofollow"">Twitter for iPhone</a>"
47,2020-01-11 00:51:35+00:00,1215798373694881792,"Ok so, me and reality are on touchy ground. But #TheCircleNetflix is my SHIT!!!! #teamShubham Iâ€™m only on the 7th episode but Iâ€™m hooked",ravensymone,692,59,"<a href=""http://twitter.com/download/iphone"" rel=""nofollow"">Twitter for iPhone</a>"
48,2019-12-26 18:29:45+00:00,1210266466257227776,@chihiros YES!!! Iâ€™m soooo excited!,ravensymone,7,5,"<a href=""http://twitter.com/download/iphone"" rel=""nofollow"">Twitter for iPhone</a>"
49,2019-12-26 18:29:18+00:00,1210266350158876672,"Thank you all for the love with this LP! It brought us so much joy to make, and Iâ€™m glad yâ€™all are feeling the feeling we had. Hope everyoneâ€™s holidays are going smoothly! New Years here we ALLL come",ravensymone,278,42,"<a href=""http://twitter.com/download/iphone"" rel=""nofollow"">Twitter for iPhone</a>"
50,2019-12-21 19:00:33+00:00,1208462277764009984,@robinthicke Did you hear my LP? #33000 just wondering,ravensymone,19,4,"<a href=""http://twitter.com/download/iphone"" rel=""nofollow"">Twitter for iPhone</a>"
51,2019-12-21 18:54:35+00:00,1208460776622608384,@StevieSoFetch_ I was told to eat small meals throughout the day! Haha! J/k! But I got you. #newmusic #2020,ravensymone,82,11,"<a href=""http://twitter.com/download/iphone"" rel=""nofollow"">Twitter for iPhone</a>"
52,2019-12-16 02:55:18+00:00,1206407422199263232,"#33000raven thank you all for the great questions. Please head over to instagram Iâ€™m going live (while eating dinner) PLEASE tell your friends, ya mama and ya daddyâ€™s friends itâ€™s not the music you hear nowadays! Love you all with all of my heart. Xoxo",ravensymone,168,31,"<a href=""http://twitter.com/download/iphone"" rel=""nofollow"">Twitter for iPhone</a>"
53,2019-12-16 02:53:37+00:00,1206406998591279104,@TinkDoesHairrr #33000raven hey girl! Yeah to put more out!,ravensymone,7,3,"<a href=""http://twitter.com/download/iphone"" rel=""nofollow"">Twitter for iPhone</a>"
54,2019-12-16 02:53:04+00:00,1206406859927633920,@jaynavelente #33000raven eek thatâ€™s a 18+ lyric ğŸ˜³ letâ€™s just say itâ€™s an adult topic,ravensymone,12,2,"<a href=""http://twitter.com/download/iphone"" rel=""nofollow"">Twitter for iPhone</a>"
55,2019-12-16 02:51:08+00:00,1206406377079312384,"@DeShaunArtis #33000raven @AustinBrown is determined to get me performing, but he is gonna have to drop #blackcastle first",ravensymone,10,4,"<a href=""http://twitter.com/download/iphone"" rel=""nofollow"">Twitter for iPhone</a>"
56,2019-12-16 02:49:56+00:00,1206406074921668609,"@laforme10 #33000raven letâ€™s just say I combed through word choices, meaning, and placement more than I sang the songs. Imma #Sagittarius itâ€™s what we do",ravensymone,7,2,"<a href=""http://twitter.com/download/iphone"" rel=""nofollow"">Twitter for iPhone</a>"
57,2019-12-16 02:49:07+00:00,1206405869312733184,@lifeoftheperry #33000raven Thatâ€™s what happens to me too. The song on replay depends on my mood but there is a vibe for every vibe.. except club. Thatâ€™s next,ravensymone,7,3,"<a href=""http://twitter.com/download/iphone"" rel=""nofollow"">Twitter for iPhone</a>"
58,2019-12-16 02:48:03+00:00,1206405598390079489,@rapperROYALTEE #33000raven yes it is my art work!,ravensymone,5,2,"<a href=""http://twitter.com/download/iphone"" rel=""nofollow"">Twitter for iPhone</a>"
59,2019-12-16 02:46:19+00:00,1206405161448402944,@yungxguap_ #33000raven it makes me feel like I did the right thing in releasing music! It gives me faith in entertainment again!,ravensymone,10,2,"<a href=""http://twitter.com/download/iphone"" rel=""nofollow"">Twitter for iPhone</a>"
60,2019-12-16 02:45:39+00:00,1206404993604931584,@Haney_Bella314 #33000raven Iâ€™d pick them all. Itâ€™s four so itâ€™s possible!,ravensymone,5,2,"<a href=""http://twitter.com/download/iphone"" rel=""nofollow"">Twitter for iPhone</a>"
61,2019-12-16 02:45:04+00:00,1206404849778085888,@jaynavelente @AustinBrown #33000raven yes 3 songs didnâ€™t make the LP. But they will still be released. In due time,ravensymone,10,2,"<a href=""http://twitter.com/download/iphone"" rel=""nofollow"">Twitter for iPhone</a>"
62,2019-12-16 02:44:27+00:00,1206404694110699522,@JoseAzBaby @AppleMusic @Spotify #33000raven it is avail on all these platforms. https://t.co/900dgxxvKF,ravensymone,8,5,"<a href=""http://twitter.com/download/iphone"" rel=""nofollow"">Twitter for iPhone</a>"
63,2019-12-16 02:43:49+00:00,1206404535213682688,@valu8899 #33000raven the squad have talked about ideas but like with any art it canâ€™t be forced. So it will happen when it happens,ravensymone,3,3,"<a href=""http://twitter.com/download/iphone"" rel=""nofollow"">Twitter for iPhone</a>"
64,2019-12-16 02:43:04+00:00,1206404346855845889,@douglasvaasquez @AustinBrown #33000raven it was the most comfortable Iâ€™ve ever been,ravensymone,5,3,"<a href=""http://twitter.com/download/iphone"" rel=""nofollow"">Twitter for iPhone</a>"
65,2019-12-16 02:42:10+00:00,1206404118979334145,@AdkinsAlexandre #33000raven just ask! Hehe,ravensymone,8,2,"<a href=""http://twitter.com/download/iphone"" rel=""nofollow"">Twitter for iPhone</a>"
66,2019-12-16 02:41:45+00:00,1206404013341597696,@chloeis__ #33000raven oh yes but I donâ€™t remember. Some were obvious and some took some time.,ravensymone,3,3,"<a href=""http://twitter.com/download/iphone"" rel=""nofollow"">Twitter for iPhone</a>"
67,2019-12-16 02:40:58+00:00,1206403814904852480,@douglasvaasquez @AustinBrown #33000raven it wa so liberating to know that the vibration I was living I. Was producible! @AustinBrown and @ajjenkinsmusic made a comfortable environment for me to grow,ravensymone,5,3,"<a href=""http://twitter.com/download/iphone"" rel=""nofollow"">Twitter for iPhone</a>"
68,2019-12-16 02:38:32+00:00,1206403205266993152,@douglasvaasquez @AustinBrown #33000raven I would say #Undecided because Austin and I went back and forth on what the sound of my voice should be. Letâ€™s just say he won.,ravensymone,9,5,"<a href=""http://twitter.com/download/iphone"" rel=""nofollow"">Twitter for iPhone</a>"
69,2019-12-16 02:37:15+00:00,1206402883110916096,@tinaaabridge #33000raven thatâ€™s definitely a possibility ğŸ˜‰,ravensymone,9,3,"<a href=""http://twitter.com/download/iphone"" rel=""nofollow"">Twitter for iPhone</a>"
70,2019-12-16 02:36:14+00:00,1206402626935349251,@laforme10 @AustinBrown #33000raven the conversations we had in the rooms while creating these song helped everyone grow as human beings. 25 mins until instagram live !,ravensymone,12,7,"<a href=""http://twitter.com/download/iphone"" rel=""nofollow"">Twitter for iPhone</a>"
71,2019-12-16 02:33:45+00:00,1206402000415412225,@jaynavelente #33000raven my favorite lyric is â€œkind of emotional but Iâ€™m really notâ€ #LeftBehind,ravensymone,7,2,"<a href=""http://twitter.com/download/iphone"" rel=""nofollow"">Twitter for iPhone</a>"
72,2019-12-16 02:31:57+00:00,1206401549464784897,@Queen__Nikaa #33000raven to me the easiest song was #weirdday and the hardest was #undecided,ravensymone,7,6,"<a href=""http://twitter.com/download/iphone"" rel=""nofollow"">Twitter for iPhone</a>"
73,2019-12-16 02:30:21+00:00,1206401145922441216,@JoseAzBaby #33000raven #weirdday because I have CRAYZYYYYY DREAMS that feel like reality then when I wake up my whole day is weird,ravensymone,8,1,"<a href=""http://twitter.com/download/iphone"" rel=""nofollow"">Twitter for iPhone</a>"
74,2019-12-16 02:27:34+00:00,1206400443347111938,@lalajackson29 #33000raven Iâ€™d love to work with #meshellndegeocello #santagold #spzrkt #badbunny,ravensymone,13,4,"<a href=""http://twitter.com/download/iphone"" rel=""nofollow"">Twitter for iPhone</a>"
75,2019-12-16 02:23:41+00:00,1206399467915636736,@jaynavelente #33000raven so the distinction between me before and me now is clear and clean,ravensymone,9,2,"<a href=""http://twitter.com/download/iphone"" rel=""nofollow"">Twitter for iPhone</a>"
76,2019-12-16 02:23:06+00:00,1206399319491801088,@YallaTheSinger #33000raven so happy you love #weirdday it was written by @SamHookOfficial and myself and produced by @ajjenkinsmusic AJ will join us on insta!,ravensymone,6,4,"<a href=""http://twitter.com/download/iphone"" rel=""nofollow"">Twitter for iPhone</a>"
77,2019-12-16 02:21:35+00:00,1206398939580076034,@Nonchalant1814 #33000raven Doing the masked singer jumpstarted my love for performing... and the music that I was doing undercover and listening to is in this vein. But when I tried to do it on the other albums the suits didnâ€™t think people would understand.,ravensymone,13,4,"<a href=""http://twitter.com/download/iphone"" rel=""nofollow"">Twitter for iPhone</a>"
78,2019-12-16 02:20:09+00:00,1206398576751861761,#33000raven @AustinBrown was one of the producers on the project! We have known each other since we were 14. He would love to be asked questions too.,ravensymone,61,12,"<a href=""http://twitter.com/download/iphone"" rel=""nofollow"">Twitter for iPhone</a>"
79,2019-12-16 02:18:34+00:00,1206398179849076738,@eatingclay #33000raven #undecided is about moving laterally and vertiacally in the relationship Iâ€™m in now!,ravensymone,13,4,"<a href=""http://twitter.com/download/iphone"" rel=""nofollow"">Twitter for iPhone</a>"
80,2019-12-16 02:17:16+00:00,1206397853427367936,"@lifeoftheperry #33000raven I wanted to make sure I loved music again, the @MaskedSingerFOX, and friends! Mostly Friends!",ravensymone,13,3,"<a href=""http://twitter.com/download/iphone"" rel=""nofollow"">Twitter for iPhone</a>"
81,2019-12-16 02:16:32+00:00,1206397666155888641,@KimmYtron1 #33000raven yes I will because the meaning of that one is so layered. Child angst and puberty that I wasnâ€™t able to go through because of the industry.,ravensymone,22,3,"<a href=""http://twitter.com/download/iphone"" rel=""nofollow"">Twitter for iPhone</a>"
82,2019-12-16 02:15:27+00:00,1206397395975561216,@BraazyFaith #33000raven I will be doing visuals but Seanâ€™s 4 of @RavensHome is in production so my time and travel is limited,ravensymone,5,2,"<a href=""http://twitter.com/download/iphone"" rel=""nofollow"">Twitter for iPhone</a>"
83,2019-12-16 02:14:30+00:00,1206397154610184192,@Charleszyy #33000raven answered but I like what the numbers can do. 33000303003003030003030030030300033. I like maleable things,ravensymone,5,2,"<a href=""http://twitter.com/download/iphone"" rel=""nofollow"">Twitter for iPhone</a>"
84,2019-12-16 02:12:57+00:00,1206396768155357185,@douglasvaasquez #33000raven personal spiritual resurrection,ravensymone,10,3,"<a href=""http://twitter.com/download/iphone"" rel=""nofollow"">Twitter for iPhone</a>"
85,2019-12-16 02:12:19+00:00,1206396607144398848,@xy_andzee #33000raven I did do the cover album,ravensymone,10,2,"<a href=""http://twitter.com/download/iphone"" rel=""nofollow"">Twitter for iPhone</a>"
86,2019-12-16 02:09:28+00:00,1206395888773386240,"@eatingclay #33000raven I love matcha, my partner makes it old school 3 times a week",ravensymone,11,4,"<a href=""http://twitter.com/download/iphone"" rel=""nofollow"">Twitter for iPhone</a>"
87,2019-12-16 02:07:16+00:00,1206395336899481600,@chloeis__ #33000raven Yes While I was in the studio creating this we did so much more music. So itâ€™s just waiting for yâ€™all to really want it.,ravensymone,22,3,"<a href=""http://twitter.com/download/iphone"" rel=""nofollow"">Twitter for iPhone</a>"
88,2019-12-16 02:06:34+00:00,1206395158591262721,@Lainy_PopVP #33000raven Thank you for the support!!!! Xoxo,ravensymone,6,2,"<a href=""http://twitter.com/download/iphone"" rel=""nofollow"">Twitter for iPhone</a>"
89,2019-12-16 02:06:11+00:00,1206395062403260416,@lalajackson29 #33000raven I go between all 4 it depends on the vibe of the day/moment,ravensymone,8,2,"<a href=""http://twitter.com/download/iphone"" rel=""nofollow"">Twitter for iPhone</a>"
90,2019-12-16 02:05:35+00:00,1206394911009857536,@R_Pocahontas #33000raven #weirdday is about sleep paralysis (hehe),ravensymone,12,4,"<a href=""http://twitter.com/download/iphone"" rel=""nofollow"">Twitter for iPhone</a>"
91,2019-12-16 02:04:59+00:00,1206394762976063490,"@JamalSanford1 #33000raven 33000 is a pure power number, the age I made it (33) and it has a family meaning as well",ravensymone,8,3,"<a href=""http://twitter.com/download/iphone"" rel=""nofollow"">Twitter for iPhone</a>"
92,2019-12-16 02:04:05+00:00,1206394535300853761,@indiaboy92 #33000raven I will perform live.,ravensymone,12,3,"<a href=""http://twitter.com/download/iphone"" rel=""nofollow"">Twitter for iPhone</a>"
93,2019-12-16 02:03:39+00:00,1206394425905037312,@hergina26 #33000raven I have music under the name Raven-Symone that was curated by corporations. I wanted to make sure this was fully understood as a independent project,ravensymone,25,7,"<a href=""http://twitter.com/download/iphone"" rel=""nofollow"">Twitter for iPhone</a>"
94,2019-12-16 02:02:36+00:00,1206394160049115136,"@wemeaningme #33000raven Love, Art &amp;Friends. Having fun created this",ravensymone,8,3,"<a href=""http://twitter.com/download/iphone"" rel=""nofollow"">Twitter for iPhone</a>"
95,2019-12-16 02:01:50+00:00,1206393970168717314,@hergina26 #33000raven I plan on creating more content for this LP in the future.,ravensymone,11,2,"<a href=""http://twitter.com/download/iphone"" rel=""nofollow"">Twitter for iPhone</a>"
96,2019-12-16 02:01:19+00:00,1206393839197421568,@Juliejulez85 #33000raven @VerdineWhite was an angel that came and graced us with a magical vibration! It was amazing!!,ravensymone,4,3,"<a href=""http://twitter.com/download/iphone"" rel=""nofollow"">Twitter for iPhone</a>"
97,2019-12-16 02:00:32+00:00,1206393640374792192,@indiaboy92 #33000raven I want fans to turn it out and relax from the everyday stress of the world,ravensymone,10,4,"<a href=""http://twitter.com/download/iphone"" rel=""nofollow"">Twitter for iPhone</a>"
98,2019-12-16 01:59:25+00:00,1206393361029947398,#33000raven Spanish speaking questions are allowed! One min to go..... ok letâ€™s talk!,ravensymone,71,10,"<a href=""http://twitter.com/download/iphone"" rel=""nofollow"">Twitter for iPhone</a>"
99,2019-12-16 01:55:13+00:00,1206392304757432320,Ok Iâ€™m 5 min Iâ€™m all yours. Dont forget to put the #33000raven so I know we talkin about the LP!!,ravensymone,83,14,"<a href=""http://twitter.com/download/iphone"" rel=""nofollow"">Twitter for iPhone</a>"
100,2019-12-16 01:46:15+00:00,1206390047227838464,At 6 we bout to do this! Iâ€™m answering questions about 33000! For 1 hour! Hit me up! #33000raven and Iâ€™ll answer https://t.co/ASYioG5N1i,ravensymone,58,16,"<a href=""http://twitter.com/download/iphone"" rel=""nofollow"">Twitter for iPhone</a>"
101,2019-12-15 21:55:12+00:00,1206331903038504960,https://t.co/NwJeyWeb4y,ravensymone,60,16,"<a href=""http://twitter.com/download/iphone"" rel=""nofollow"">Twitter for iPhone</a>"
102,2019-12-15 16:50:55+00:00,1206255327454195712,"https://t.co/wYQV3Sl6Np

https://t.co/Hfr9k3h3AY

https://t.co/EtCRPICANl

https://t.co/hNVF0iEjwk",ravensymone,64,27,"<a href=""http://twitter.com/download/iphone"" rel=""nofollow"">Twitter for iPhone</a>"
103,2019-12-15 16:37:26+00:00,1206251931649200129,When I woke up this mornin!!!!! I was at #7 aaahhhhh!!! Thank you!!! But I must give props to this one! Makes me smile she took the cake! https://t.co/f0zgQ6GHD4,ravensymone,111,15,"<a href=""http://twitter.com/download/iphone"" rel=""nofollow"">Twitter for iPhone</a>"
104,2019-12-15 04:20:49+00:00,1206066556486029312,@MatMaggi Gets right to the point!!,ravensymone,12,0,"<a href=""http://twitter.com/download/iphone"" rel=""nofollow"">Twitter for iPhone</a>"
105,2019-12-15 03:27:59+00:00,1206053261972627456,I mean!!!!  Thank you!!! Can we make it rise higher!!! https://t.co/A8sMrflTCp,ravensymone,249,61,"<a href=""http://twitter.com/download/iphone"" rel=""nofollow"">Twitter for iPhone</a>"
106,2019-12-15 03:25:52+00:00,1206052726590689280,The love is making the Lp rise in the charts #33000 this is so exciting!,ravensymone,164,28,"<a href=""http://twitter.com/download/iphone"" rel=""nofollow"">Twitter for iPhone</a>"
107,2019-12-13 20:38:22+00:00,1205587788931850240,@HiltonPosts Yes. Just taking a min.,ravensymone,10,1,"<a href=""http://twitter.com/download/iphone"" rel=""nofollow"">Twitter for iPhone</a>"
108,2019-12-13 20:38:10+00:00,1205587739653001216,@SilentDPro1992 Xoxo,ravensymone,7,1,"<a href=""http://twitter.com/download/iphone"" rel=""nofollow"">Twitter for iPhone</a>"
109,2019-12-13 20:37:58+00:00,1205587690260840448,@EfronLover13 Thanks boo,ravensymone,7,2,"<a href=""http://twitter.com/download/iphone"" rel=""nofollow"">Twitter for iPhone</a>"
110,2019-12-13 20:34:23+00:00,1205586788984582144,Halloween was fun.,ravensymone,72,5,"<a href=""http://twitter.com/download/iphone"" rel=""nofollow"">Twitter for iPhone</a>"
111,2019-12-13 20:34:12+00:00,1205586740162883584,#NewProfilePic https://t.co/zYcYQDN1lj,ravensymone,358,41,"<a href=""http://twitter.com/download/iphone"" rel=""nofollow"">Twitter for iPhone</a>"
112,2019-12-13 20:31:33+00:00,1205586075529334784,https://t.co/Hfr9k3h3AY,ravensymone,56,24,"<a href=""http://twitter.com/download/iphone"" rel=""nofollow"">Twitter for iPhone</a>"
113,2019-12-13 20:31:33+00:00,1205586074115772416,https://t.co/EtCRPICANl,ravensymone,116,34,"<a href=""http://twitter.com/download/iphone"" rel=""nofollow"">Twitter for iPhone</a>"
114,2019-12-13 18:25:40+00:00,1205554392864153601,Here is one link more to come...,ravensymone,44,10,"<a href=""http://twitter.com/download/iphone"" rel=""nofollow"">Twitter for iPhone</a>"
115,2019-12-13 18:24:53+00:00,1205554196965015553,https://t.co/Jq7f9JWwWV,ravensymone,105,42,"<a href=""http://twitter.com/download/iphone"" rel=""nofollow"">Twitter for iPhone</a>"
116,2019-12-13 18:17:36+00:00,1205552366499483648,Thank you so much for finding and sharing the new music. #33000 #33000raven was a music baby for all of us involved! Gonna share snippets soon. https://t.co/7CEdBtMw6W,ravensymone,130,41,"<a href=""http://twitter.com/download/iphone"" rel=""nofollow"">Twitter for iPhone</a>"
117,2018-06-11 22:03:04+00:00,1006295778464227328,Iâ€™m so excited to be a special guest at this years Premiere Program/Showcase happening at Walt Disney Orlando!!!! I cannot wait to see all of the talent you all are going to bring!!!! Thank you @PremiereBird for having me this year! #premiereprogram,ravensymone,621,148,"<a href=""http://twitter.com/download/iphone"" rel=""nofollow"">Twitter for iPhone</a>"
118,2018-05-22 17:41:54+00:00,998982296064507906,ğŸ’œ https://t.co/Rc4ZyOnKSO,ravensymone,824,148,"<a href=""http://twitter.com"" rel=""nofollow"">Twitter Web Client</a>"
119,2018-05-15 00:24:06+00:00,996184409756852224,haha! I want to go to this!!! ğŸ’œâœŒï¸ğŸ™ https://t.co/t0RO37TxV9,ravensymone,1920,357,"<a href=""http://twitter.com"" rel=""nofollow"">Twitter Web Client</a>"
120,2018-05-15 00:19:18+00:00,996183201663008768,omg!! Love u back! ğŸ’˜ https://t.co/qcw7aaq57Z,ravensymone,426,44,"<a href=""https://about.twitter.com/products/tweetdeck"" rel=""nofollow"">TweetDeck</a>"
121,2018-05-15 00:17:11+00:00,996182672505323520,@SourMids â¤ï¸,ravensymone,8,0,"<a href=""https://about.twitter.com/products/tweetdeck"" rel=""nofollow"">TweetDeck</a>"
122,2018-05-15 00:15:51+00:00,996182335153307648,So fun!! https://t.co/h0GeLYtAzv,ravensymone,165,16,"<a href=""https://about.twitter.com/products/tweetdeck"" rel=""nofollow"">TweetDeck</a>"
123,2018-05-15 00:15:36+00:00,996182274138718208,@ayyaaannaaa ğŸ˜…ğŸ’œ,ravensymone,12,1,"<a href=""https://about.twitter.com/products/tweetdeck"" rel=""nofollow"">TweetDeck</a>"
124,2018-05-11 22:00:54+00:00,995061208691638273,Saw this and it caught my eye ğŸ’‹ Who else would be down to rock this look? ğŸ”¥ https://t.co/FvPFrkJ14T,ravensymone,539,50,"<a href=""http://www.hootsuite.com"" rel=""nofollow"">Hootsuite</a>"
125,2018-05-11 17:07:55+00:00,994987478254698496,"Itâ€™s happening!!! I am so excited to announce that Ravens Home Season 2 is set to premiere with a WEEK of four new episodes beginning Monday, June 25th - Thursday, June 28th at 9:30am ET on @DisneyChannel ğŸ’œğŸ™Œ  Whoâ€™s excited?? ğŸ˜„ğŸ’‹ #RavensHome #DisneyGOSummer https://t.co/sfPkYnoDk7",ravensymone,1631,279,"<a href=""https://about.twitter.com/products/tweetdeck"" rel=""nofollow"">TweetDeck</a>"
126,2018-05-10 23:49:28+00:00,994726144195813376,"Who's going to #DisneyChannelFanFest this weekend? Me and the rest of the Ravens Home cast will be there this Saturday, May 12th, for a very special panel! I can't wait to see all of y'all! ğŸ’œ #RavensHome https://t.co/rcRJNdIE64",ravensymone,177,23,"<a href=""https://about.twitter.com/products/tweetdeck"" rel=""nofollow"">TweetDeck</a>"
127,2018-05-10 22:01:51+00:00,994699059578396672,@carolinelfo @Lavernecox ğŸ’œğŸ’œğŸ’œ,ravensymone,6,3,"<a href=""https://about.twitter.com/products/tweetdeck"" rel=""nofollow"">TweetDeck</a>"
128,2018-05-10 19:30:32+00:00,994660980805242881,100% agree @Lavernecox  ğŸ™Œ #ThursdayThoughts https://t.co/AJqtS2UUml,ravensymone,246,46,"<a href=""http://www.hootsuite.com"" rel=""nofollow"">Hootsuite</a>"
129,2018-05-10 18:18:14+00:00,994642784333152261,@brittjean11 Sing it girl! ğŸ™Œ,ravensymone,24,0,"<a href=""http://twitter.com"" rel=""nofollow"">Twitter Web Client</a>"
130,2018-05-10 18:17:54+00:00,994642701227212802,@kayla17marie A serious #TBT. ğŸ’œ,ravensymone,22,2,"<a href=""http://twitter.com"" rel=""nofollow"">Twitter Web Client</a>"
131,2018-05-09 19:30:28+00:00,994298574786781185,This #LA weather has been so nice! Summer is officially on my mindâ€¦ â˜€ï¸ https://t.co/KGRyPPgakI,ravensymone,297,31,"<a href=""http://www.hootsuite.com"" rel=""nofollow"">Hootsuite</a>"
132,2018-05-08 22:22:38+00:00,993979514169405440,@RavenUltimate Throwback! ğŸ’œ,ravensymone,24,2,"<a href=""http://twitter.com"" rel=""nofollow"">Twitter Web Client</a>"
133,2018-05-08 17:02:02+00:00,993898835238776832,It was so nice meeting you too! â¤ï¸ğŸ’œâ¤ï¸ğŸ’œ https://t.co/HiN5fDH6SS,ravensymone,233,24,"<a href=""https://about.twitter.com/products/tweetdeck"" rel=""nofollow"">TweetDeck</a>"
134,2018-05-04 19:30:11+00:00,992486567313846273,When 5 oâ€™clock hitsâ€¦ #ohyes ğŸ‘ğŸ¼ @drunkhistory https://t.co/6JpXDSOXwp,ravensymone,265,35,"<a href=""http://www.hootsuite.com"" rel=""nofollow"">Hootsuite</a>"
135,2018-05-03 19:30:31+00:00,992124261039984640,#tbt ğŸ’š https://t.co/qTI4c2yJr8,ravensymone,930,71,"<a href=""http://www.hootsuite.com"" rel=""nofollow"">Hootsuite</a>"
136,2018-05-02 19:30:31+00:00,991761873451139072,Loving these purples ğŸ’œğŸ’Ÿ Credit: @kaynadianbeauty https://t.co/vK8q4o1ggK,ravensymone,303,28,"<a href=""http://www.hootsuite.com"" rel=""nofollow"">Hootsuite</a>"
137,2018-05-02 00:15:56+00:00,991471315121917953,@kiera_lssac ğŸ™ğŸ™ğŸ™,ravensymone,3,0,"<a href=""https://about.twitter.com/products/tweetdeck"" rel=""nofollow"">TweetDeck</a>"
138,2018-05-02 00:15:21+00:00,991471167314706432,@MachelleRice94 Stay strong ğŸ’œ,ravensymone,6,0,"<a href=""https://about.twitter.com/products/tweetdeck"" rel=""nofollow"">TweetDeck</a>"
139,2018-05-01 19:30:19+00:00,991399437724504064,â˜”ï¸ğŸŒˆâœ¨ #TuesdayThoughts https://t.co/j30ufCVXoQ,ravensymone,411,96,"<a href=""http://www.hootsuite.com"" rel=""nofollow"">Hootsuite</a>"
140,2018-04-28 01:14:24+00:00,990036477747720192,Tonightâ€™s inspiration is brought to you by the color purple. ğŸ’œ Love my #ootn at the #CreativeArtsEmmys. #RavensHome #DaytimeEmmys @DaytimeEmmys https://t.co/9K5n8Afl9B https://t.co/vAuP4gtlKH,ravensymone,243,30,"<a href=""http://www.facebook.com/twitter"" rel=""nofollow"">Facebook</a>"
141,2018-04-28 00:56:57+00:00,990032084000563201,Look who I ran into at the #CreativeArtsEmmys. Itâ€™s going to be great night! #RavensHome #DaytimeEmmys @daytimeemmys @NaviaZRobinson . https://t.co/c6Q0ScboPy https://t.co/K2Yu1avvJX,ravensymone,204,25,"<a href=""http://www.facebook.com/twitter"" rel=""nofollow"">Facebook</a>"
142,2018-04-28 00:12:38+00:00,990020933506101248,"But first, lemme take a selfie with @DoveCameron .ğŸ’œ #DayTimeEmmys  #ravenshome @DaytimeEmmys https://t.co/BwVLAUTlXu",ravensymone,3681,329,"<a href=""http://twitter.com"" rel=""nofollow"">Twitter Web Client</a>"
143,2018-04-27 22:54:23+00:00,990001240753954816,@AGirlFanatic @anneliesevdp Thx luv! ğŸ’œ,ravensymone,22,4,"<a href=""http://twitter.com"" rel=""nofollow"">Twitter Web Client</a>"
144,2018-04-27 22:34:14+00:00,989996170670886912,What an INCREDIBLE honor to be opening the show tonight for the #DaytimeEmmys Creative Arts Awards. @daytimeemmys https://t.co/ADmdpxnYRO,ravensymone,215,31,"<a href=""http://twitter.com"" rel=""nofollow"">Twitter Web Client</a>"
145,2018-04-27 19:30:55+00:00,989950034388152320,"Yasss, yasss, yasss ğŸ˜… My mood going into #DaytimeEmmys weekend âœŒï¸ @DaytimeEmmys #RavensHome https://t.co/IKjsoAe97x",ravensymone,848,140,"<a href=""http://www.hootsuite.com"" rel=""nofollow"">Hootsuite</a>"
146,2018-04-26 22:00:57+00:00,989625403605225472,"In honor of @DaytimeEmmys  week, I felt like this #TBT was necessary. â¤ï¸ğŸ™ #DaytimeEmmys https://t.co/aZExE0Sr3r",ravensymone,622,62,"<a href=""http://www.hootsuite.com"" rel=""nofollow"">Hootsuite</a>"
147,2018-04-26 20:23:52+00:00,989600971993985024,"I have some exciting news for my Nordic fans! You probably remember me from Thatâ€™s So Raven and now Iâ€™m back in the new TV series #RavensHome. Don't miss the premiere tomorrow, April 27 on Disney Channel at 3:30PM. #DisneyChannelSverige #DisneyChannelNorge #DisneyChannelDanmark https://t.co/j44qE1IwBK",ravensymone,682,104,"<a href=""http://twitter.com"" rel=""nofollow"">Twitter Web Client</a>"
148,2018-04-25 22:00:55+00:00,989263009586581504,I feel so incredibly honored to be nominated for a #DaytimeEmmy ğŸ™ Thank you all for the love and support! @RavensHome,ravensymone,334,42,"<a href=""http://www.hootsuite.com"" rel=""nofollow"">Hootsuite</a>"
149,2018-04-25 19:30:32+00:00,989225165056806912,ğŸ’‹ #WednesdayWisdom https://t.co/igvQH5UG5f,ravensymone,313,91,"<a href=""http://www.hootsuite.com"" rel=""nofollow"">Hootsuite</a>"
150,2018-04-24 22:01:02+00:00,988900650078515200,"For worldwide viewing of the @DaytimeEmmys  on April 29th, head to their page or go to https://t.co/zO3f5zOoOu! #DaytimeEmmys @RavensHome   
https://t.co/8XjsBzOprk https://t.co/zO3f5zOoOu",ravensymone,61,17,"<a href=""http://www.facebook.com/twitter"" rel=""nofollow"">Facebook</a>"
151,2018-04-24 19:30:31+00:00,988862772338397185,The ying to my yang ğŸ’œğŸ’˜ @anneliesevdp. #RavensHome https://t.co/R2DF4qih9S,ravensymone,4429,448,"<a href=""http://www.hootsuite.com"" rel=""nofollow"">Hootsuite</a>"
152,2018-04-24 17:50:17+00:00,988837548477698048,Last night at the @Avengers's premiere for #InfinityWar. All smiles and love. ğŸ’œğŸ’œğŸ’œ https://t.co/VZX5omVD2L,ravensymone,148,18,"<a href=""http://twitter.com"" rel=""nofollow"">Twitter Web Client</a>"
153,2018-04-24 17:49:04+00:00,988837239978246144,Had a blast last night at the Marvel's @Avengers #InfinityWar premiere. Such a rad film to watch. Canâ€™t wait for you guys to see it soon! https://t.co/HacFFtIj6I https://t.co/6VzHswFOTR,ravensymone,164,21,"<a href=""http://www.facebook.com/twitter"" rel=""nofollow"">Facebook</a>"
154,2018-04-24 02:55:44+00:00,988612424231079937,"Suiting up with my girls, @skykatz &amp; @NaviaZRobinson, at the @Avengers #InfinityWar. ğŸ’œğŸ’œğŸ’œ #RavensHome https://t.co/m3Vojbu556",ravensymone,420,53,"<a href=""http://twitter.com"" rel=""nofollow"">Twitter Web Client</a>"
155,2018-04-24 02:44:26+00:00,988609580627193857,Today's look for the @Avengers #InfinityWar Premiere. Who else is excited for the movie? ğŸ™‹â€â™€ï¸ https://t.co/Y8XZvx35bu,ravensymone,401,48,"<a href=""http://twitter.com"" rel=""nofollow"">Twitter Web Client</a>"
156,2018-04-23 22:00:26+00:00,988538111272669184,@DaytimeEmmys week is finally here yâ€™all!!  This is going to be an amazing week! Love you guys! ğŸ’œğŸ’œ Let's do this. ğŸ™Œ #DaytimeEmmys @RavensHome,ravensymone,5,0,"<a href=""http://www.hootsuite.com"" rel=""nofollow"">Hootsuite</a>"
157,2018-04-23 19:30:20+00:00,988500337773465600,#Glossy nails are ğŸ”¥. Getting some inspo for all the #daytimeemmys events this week!  #ManiMonday @DaytimeEmmys https://t.co/VNdQfP3SAC,ravensymone,254,23,"<a href=""http://www.hootsuite.com"" rel=""nofollow"">Hootsuite</a>"
158,2018-04-20 20:12:14+00:00,987423717591363584,@__megry ğŸ’‹,ravensymone,12,0,"<a href=""https://about.twitter.com/products/tweetdeck"" rel=""nofollow"">TweetDeck</a>"
159,2018-04-19 21:17:58+00:00,987077870794170368,Hey @MalYoung! We want to see more performances from Simone! ğŸ’œğŸ™ And I'm 100% with #TeamSimone!! ğŸ™Œ @iamShanica,ravensymone,83,17,"<a href=""https://about.twitter.com/products/tweetdeck"" rel=""nofollow"">TweetDeck</a>"
160,2018-03-29 18:51:26+00:00,979430852693131264,"Season two makes me smile... @anneliesevdp
@NaviaZRobinson last scene of the night! https://t.co/2BMn0JWAyO",ravensymone,1527,153,"<a href=""https://about.twitter.com/products/tweetdeck"" rel=""nofollow"">TweetDeck</a>"
161,2018-03-26 22:04:14+00:00,978392205864812544,@ThatsRaven @anneliesevdp Yes! I love. ğŸ’œ,ravensymone,6743,1611,"<a href=""http://twitter.com"" rel=""nofollow"">Twitter Web Client</a>"
162,2018-03-23 19:30:39+00:00,977266392155246592,I love this @artbybridget_ from Instagram! #ThatsSoRaven #FanArtFriday https://t.co/Zq85nK9eue,ravensymone,267,53,"<a href=""http://www.hootsuite.com"" rel=""nofollow"">Hootsuite</a>"
163,2018-03-22 23:28:29+00:00,976963857779376128,Eyyyyyyy ğŸ™ğŸ’œğŸ’ƒğŸ» LOVING this #TBT! @MissyElliott ğŸ˜˜ğŸ˜˜ğŸ˜˜ https://t.co/nGx0JfPbLj,ravensymone,473,89,"<a href=""https://about.twitter.com/products/tweetdeck"" rel=""nofollow"">TweetDeck</a>"
164,2018-03-22 19:30:37+00:00,976903996911824904,#tbt ğŸ’œ https://t.co/sCqvA0FeQD,ravensymone,1543,176,"<a href=""http://www.hootsuite.com"" rel=""nofollow"">Hootsuite</a>"
165,2018-03-21 19:30:44+00:00,976541637156442115,Xoxo ğŸ˜˜ https://t.co/FhPhKQkDGS,ravensymone,1345,90,"<a href=""http://www.hootsuite.com"" rel=""nofollow"">Hootsuite</a>"
166,2018-03-20 19:30:43+00:00,976179246526812160,Spread happiness today yâ€™all ğŸ˜„ğŸ˜„ #InternationalDayofHappiness https://t.co/plkD9UJoAi,ravensymone,321,81,"<a href=""http://www.hootsuite.com"" rel=""nofollow"">Hootsuite</a>"
167,2018-03-19 23:43:54+00:00,975880573993406464,@Native_Virgo ğŸ’…,ravensymone,4,0,"<a href=""https://about.twitter.com/products/tweetdeck"" rel=""nofollow"">TweetDeck</a>"
168,2018-03-19 23:43:34+00:00,975880491571146755,@moniquee_mb ğŸ’œğŸ’œğŸ’œ,ravensymone,5,0,"<a href=""https://about.twitter.com/products/tweetdeck"" rel=""nofollow"">TweetDeck</a>"
169,2018-03-19 19:30:27+00:00,975816790684160002,Spring on my mindâ€¦ ğŸŒ¼ğŸŒº #ManiMonday https://t.co/dshfzsjrvi,ravensymone,517,29,"<a href=""http://www.hootsuite.com"" rel=""nofollow"">Hootsuite</a>"
170,2018-03-16 19:01:30+00:00,974722343716171777,Todayâ€™s #mood when I leave for the weekend. âœŒï¸ https://t.co/kaTlzFNAMg,ravensymone,866,180,"<a href=""http://www.hootsuite.com"" rel=""nofollow"">Hootsuite</a>"
171,2018-03-14 19:30:44+00:00,974004922571280384,Hold upâ€¦ nah. https://t.co/zRcvU4I18q,ravensymone,596,67,"<a href=""http://www.hootsuite.com"" rel=""nofollow"">Hootsuite</a>"
172,2018-03-13 19:30:35+00:00,973642499381227520,Getting rustic inspiration. #pinterest #inspo https://t.co/KSDXUIPVhh,ravensymone,145,18,"<a href=""http://www.hootsuite.com"" rel=""nofollow"">Hootsuite</a>"
173,2018-03-13 00:43:05+00:00,973358753713016832,It's bomb huh??! ğŸ™ğŸ’œ https://t.co/oDwjZorbIq,ravensymone,78,10,"<a href=""https://about.twitter.com/products/tweetdeck"" rel=""nofollow"">TweetDeck</a>"
174,2018-03-13 00:42:08+00:00,973358515598209024,@affectionraven1 luv you too boo ğŸ’œ,ravensymone,3,1,"<a href=""https://about.twitter.com/products/tweetdeck"" rel=""nofollow"">TweetDeck</a>"
175,2018-03-12 20:28:21+00:00,973294646427136000,"This is everything ğŸ’œğŸ™Œ #MondayMakeup 
PC to: Angelica Guzman https://t.co/Chrm6Niiyv",ravensymone,449,43,"<a href=""http://twitter.com"" rel=""nofollow"">Twitter Web Client</a>"
176,2018-03-09 19:51:41+00:00,972198256686989313,I'm ready. ğŸ™ŒğŸ’œ https://t.co/YGQHBnLu6U,ravensymone,854,110,"<a href=""http://twitter.com"" rel=""nofollow"">Twitter Web Client</a>"
177,2018-03-08 20:30:35+00:00,971845657844699137,ğŸ’œ #pressforprogess #InternationalWomensDay https://t.co/4UyTpVcllt,ravensymone,219,44,"<a href=""http://www.hootsuite.com"" rel=""nofollow"">Hootsuite</a>"
178,2018-03-07 20:30:33+00:00,971483261766643713,Such a good ideaâ€¦ I need this! https://t.co/lrFb4JNbnL,ravensymone,263,42,"<a href=""http://www.hootsuite.com"" rel=""nofollow"">Hootsuite</a>"
179,2018-03-06 20:30:26+00:00,971120844029288448,ğŸ˜‚ğŸ˜‚ #TuesdayThoughts https://t.co/sedDiBGYGG,ravensymone,693,97,"<a href=""http://www.hootsuite.com"" rel=""nofollow"">Hootsuite</a>"
180,2018-03-05 21:34:49+00:00,970774659456118784,@PonchoHodges @RavensHome ğŸ’œğŸ’œğŸ’œ,ravensymone,6,0,"<a href=""https://about.twitter.com/products/tweetdeck"" rel=""nofollow"">TweetDeck</a>"
181,2018-03-05 20:30:12+00:00,970758399406338048,Tennis ainâ€™t easy ğŸ˜‚ğŸ¾ #WorldTennisDay #RavensHome https://t.co/om1792Yrfh,ravensymone,897,152,"<a href=""http://www.hootsuite.com"" rel=""nofollow"">Hootsuite</a>"
182,2018-03-02 20:30:34+00:00,969671326515585025,I was definitely #FridayFeeling in this outfit ğŸŒ¼ğŸŒ¼ğŸŒ¼ğŸ™Œ https://t.co/yAKPpTPk4v,ravensymone,588,56,"<a href=""http://www.hootsuite.com"" rel=""nofollow"">Hootsuite</a>"
183,2018-03-02 18:10:30+00:00,969636075869057024,@RicoLoos Happy Friiiiyay! ğŸ’œ,ravensymone,1,0,"<a href=""https://about.twitter.com/products/tweetdeck"" rel=""nofollow"">TweetDeck</a>"
184,2018-03-01 20:30:33+00:00,969308935529418754,Exactlyâ€¦ ğŸ˜‚ #ThatsSoRaven https://t.co/NLdxFxHCoc,ravensymone,1155,230,"<a href=""http://www.hootsuite.com"" rel=""nofollow"">Hootsuite</a>"
185,2018-02-27 20:30:40+00:00,968584189682638850,My watercolorâ€¦ Apricots ğŸŠ#Art #artbyravensymone https://t.co/lzpkwBwudd,ravensymone,349,41,"<a href=""http://www.hootsuite.com"" rel=""nofollow"">Hootsuite</a>"
186,2018-02-26 20:30:36+00:00,968221782418382848,Iâ€™m into thisâ€¦ ğŸ‘ğŸ’– #MakeupMonday https://t.co/HQLOMmI9PR,ravensymone,300,30,"<a href=""http://www.hootsuite.com"" rel=""nofollow"">Hootsuite</a>"
187,2018-02-23 20:30:41+00:00,967134640686489600,#FBF to when #funnymanalexthomas graced us with his skills all night long at the first live audience for season... https://t.co/eI1X3AFmUy,ravensymone,49,14,"<a href=""http://www.facebook.com/twitter"" rel=""nofollow"">Facebook</a>"
188,2018-02-23 20:30:34+00:00,967134612462989313,#FBF to when #funnymanalexthomas graced us with his skills all night long at the first live audience for season 2 of @RavensHome  ğŸ’œ https://t.co/0WLpm6QZ2I,ravensymone,217,36,"<a href=""http://www.hootsuite.com"" rel=""nofollow"">Hootsuite</a>"
189,2018-02-22 22:53:46+00:00,966808261419610112,I'm excited to see Ryan Coogler #createblackhistory!! He is inspiring millions of people... including myself! https://t.co/EayIOI0Wdm,ravensymone,101,20,"<a href=""https://about.twitter.com/products/tweetdeck"" rel=""nofollow"">TweetDeck</a>"
190,2018-02-22 20:30:53+00:00,966772302196158464,Ayyy this #TBT though ğŸ™ŒğŸ˜…â¤ï¸ https://t.co/AFvgRipX3k,ravensymone,332,70,"<a href=""http://www.hootsuite.com"" rel=""nofollow"">Hootsuite</a>"
191,2018-02-22 00:31:19+00:00,966470420860846080,@FlaDamasceno Love you too girl! ğŸ˜,ravensymone,5,1,"<a href=""http://twitter.com"" rel=""nofollow"">Twitter Web Client</a>"
192,2018-02-21 20:30:32+00:00,966409828775153665,Yooooâ€¦ this scene ğŸ˜‚ğŸ˜‚ #ThatsSoRaven https://t.co/OuAHQGuMeu,ravensymone,561,105,"<a href=""http://www.hootsuite.com"" rel=""nofollow"">Hootsuite</a>"
193,2018-02-20 20:30:31+00:00,966047437113700352,"Ahhh Vernazza, Italy ğŸ’œ Comment below if you have traveled here! #TravelTuesday https://t.co/0gsoBUPSao",ravensymone,214,35,"<a href=""http://www.hootsuite.com"" rel=""nofollow"">Hootsuite</a>"
194,2018-02-19 20:30:28+00:00,965685032835796997,YUP! ğŸ™Œ #NationalLashesDay https://t.co/ibR4Nv1KeJ,ravensymone,153,40,"<a href=""http://www.hootsuite.com"" rel=""nofollow"">Hootsuite</a>"
195,2018-02-16 20:30:07+00:00,964597781024436224,"Nah, Iâ€™m good ğŸ˜‚ #RavensHome https://t.co/1sGs6UOIii",ravensymone,661,110,"<a href=""http://www.hootsuite.com"" rel=""nofollow"">Hootsuite</a>"
196,2018-02-16 19:57:07+00:00,964589479376781312,@justena_ Love ya! ğŸ’œ,ravensymone,8,0,"<a href=""http://twitter.com"" rel=""nofollow"">Twitter Web Client</a>"
197,2018-02-15 22:56:59+00:00,964272355412332544,@LucaCharmedFan Love it!,ravensymone,62,5,"<a href=""http://twitter.com"" rel=""nofollow"">Twitter Web Client</a>"
198,2018-02-15 20:30:37+00:00,964235520745275393,ğŸ˜…ğŸ˜‚ #RavensHome https://t.co/KcGAUSazd9,ravensymone,734,109,"<a href=""http://www.hootsuite.com"" rel=""nofollow"">Hootsuite</a>"
199,2018-02-14 20:31:06+00:00,963873255294717952,Happy Valentines Day yâ€™all ğŸ’œğŸ’—ğŸ’˜ https://t.co/NiEowTtSGE,ravensymone,1202,228,"<a href=""http://www.hootsuite.com"" rel=""nofollow"">Hootsuite</a>"
200,2018-02-14 00:48:43+00:00,963575699515650049,ğŸ˜…ğŸ˜…ğŸ˜… https://t.co/mNtMbpdb4Z,ravensymone,333,50,"<a href=""https://about.twitter.com/products/tweetdeck"" rel=""nofollow"">TweetDeck</a>"
201,2018-02-13 20:30:41+00:00,963510761099276289,This paint organization is giving me LIFE! ğŸ‘©â€ğŸ¨ğŸ™Œ #Pinterest #Art https://t.co/iq5ONVlJzP,ravensymone,138,17,"<a href=""http://www.hootsuite.com"" rel=""nofollow"">Hootsuite</a>"
202,2018-02-12 23:35:52+00:00,963194975054778369,@klaceupmgk Love ya too! ğŸ’œ,ravensymone,7,1,"<a href=""http://twitter.com"" rel=""nofollow"">Twitter Web Client</a>"
203,2018-02-12 23:35:08+00:00,963194791373651968,@iiAmVirtuos Thx girl. ğŸ’œ,ravensymone,4,0,"<a href=""http://twitter.com"" rel=""nofollow"">Twitter Web Client</a>"
204,2018-02-12 20:30:40+00:00,963148369005772800,Valentines Day inspired makeup on my mind... ğŸ’œğŸ‘„ğŸ™ #MakeupMonday https://t.co/7g3sHMqlWH,ravensymone,228,29,"<a href=""http://www.hootsuite.com"" rel=""nofollow"">Hootsuite</a>"
205,2018-02-09 22:46:36+00:00,962095415381250048,@SpaceChannel @drunkhistory @Much @StarTrek ğŸ––ğŸ’œ,ravensymone,10,0,"<a href=""http://twitter.com"" rel=""nofollow"">Twitter Web Client</a>"
206,2018-02-09 20:30:33+00:00,962061177516834817,This is DOPE! Thx @sidelineimages from Instagram!  #FanArtFriday https://t.co/N3jBFR5o7B,ravensymone,314,37,"<a href=""http://www.hootsuite.com"" rel=""nofollow"">Hootsuite</a>"
207,2018-02-08 23:22:16+00:00,961742004148355073,@TrekMovie @drunkhistory @NichelleIsUhura ğŸ˜ğŸ˜ğŸ˜,ravensymone,3,0,"<a href=""http://twitter.com"" rel=""nofollow"">Twitter Web Client</a>"
208,2018-02-08 23:20:03+00:00,961741446456819712,@kylelowe @drunkhistory @questlove @jaleelwhite Thx boo! ğŸ’œ,ravensymone,4,1,"<a href=""http://twitter.com"" rel=""nofollow"">Twitter Web Client</a>"
209,2018-02-08 20:30:33+00:00,961698789131202560,ğŸ’ğŸ’œ #TBT https://t.co/82fD62op9Z,ravensymone,1742,181,"<a href=""http://www.hootsuite.com"" rel=""nofollow"">Hootsuite</a>"
210,2018-02-08 18:35:23+00:00,961669806754643968,@Banddruggie09 lol love it!! ğŸ˜‚,ravensymone,18,0,"<a href=""https://about.twitter.com/products/tweetdeck"" rel=""nofollow"">TweetDeck</a>"
211,2018-02-07 22:43:46+00:00,961369924311511042,@azn_Seddie ğŸ’œğŸ™Œ,ravensymone,3,0,"<a href=""https://about.twitter.com/products/tweetdeck"" rel=""nofollow"">TweetDeck</a>"
212,2018-02-07 03:20:06+00:00,961077079675719681,Tonight's the night!! Make sure to tune in to @DrunkHistory at 10/9c on @ComedyCentral! ğŸ™ŒğŸ’œ #DrunkHistory https://t.co/dw01i4Oeky,ravensymone,247,43,"<a href=""http://www.hootsuite.com"" rel=""nofollow"">Hootsuite</a>"
213,2018-02-07 01:51:24+00:00,961054759112208384,@LoreYashira ğŸ™,ravensymone,5,0,"<a href=""https://about.twitter.com/products/tweetdeck"" rel=""nofollow"">TweetDeck</a>"
214,2018-02-07 01:50:59+00:00,961054652576890881,@hereisqueenlis @awianavr Bday twins! ğŸ’œ,ravensymone,4,4,"<a href=""https://about.twitter.com/products/tweetdeck"" rel=""nofollow"">TweetDeck</a>"
215,2018-02-06 20:30:24+00:00,960973977664589832,One of my favorite scenes ğŸ˜‚ #ThatsSoRaven https://t.co/mEjOqHHcRv,ravensymone,1382,362,"<a href=""http://www.hootsuite.com"" rel=""nofollow"">Hootsuite</a>"
216,2018-02-05 20:30:00+00:00,960611487390642176,When someone mentions its #WorldNutellaDayâ€¦ ğŸ˜±ğŸ˜œ https://t.co/Gjo6piEbqA,ravensymone,357,56,"<a href=""https://about.twitter.com/products/tweetdeck"" rel=""nofollow"">TweetDeck</a>"
217,2018-02-02 20:30:35+00:00,959524469122437121,Showing up to happy hour after work with the girls likeâ€¦#FridayFeeling https://t.co/nLT68FU8oc,ravensymone,330,32,"<a href=""http://www.hootsuite.com"" rel=""nofollow"">Hootsuite</a>"
218,2018-02-01 22:57:59+00:00,959199176914423808,@RuPaulsDragRace ğŸ™ğŸ™,ravensymone,8,1,"<a href=""https://about.twitter.com/products/tweetdeck"" rel=""nofollow"">TweetDeck</a>"
219,2018-02-01 20:30:35+00:00,959162084549328896,Greyscale vibes â—»ï¸ âšªï¸ â—»ï¸ #TBT https://t.co/VdFTFTqjOM,ravensymone,483,54,"<a href=""http://www.hootsuite.com"" rel=""nofollow"">Hootsuite</a>"
220,2018-01-31 20:30:41+00:00,958799717911224324,Isometric drawing by me #InspireYourHeartWithArtDay https://t.co/6VsJulVHns,ravensymone,286,39,"<a href=""http://www.hootsuite.com"" rel=""nofollow"">Hootsuite</a>"
221,2018-01-30 20:30:43+00:00,958437339273064448,"Looking for something sweet n spicy? This grilled corn &amp; poblano dip is too good ğŸ™Œ ğŸ”¥ 
Recipe:... https://t.co/ti41MlwA2q",ravensymone,65,11,"<a href=""http://www.facebook.com/twitter"" rel=""nofollow"">Facebook</a>"
222,2018-01-30 20:30:36+00:00,958437309141184514,"Looking for something sweet n spicy? This grilled corn &amp; poblano dip is too good ğŸ™Œ ğŸ”¥ 
Recipe: https://t.co/wNfI3rAwBE https://t.co/f3jS64d5iH",ravensymone,110,16,"<a href=""http://www.hootsuite.com"" rel=""nofollow"">Hootsuite</a>"
223,2018-01-29 20:30:36+00:00,958074923817238528,20s inspired makeup by Pat Mcgrath for Dior 2009 #MakeupMonday #MakeupInspo @patmcgrathreal https://t.co/NYJ6RKwa8W,ravensymone,120,17,"<a href=""http://www.hootsuite.com"" rel=""nofollow"">Hootsuite</a>"
224,2018-01-27 01:42:34+00:00,957066267176808448,@luandb I'd love to visit Brazil ğŸ’œ,ravensymone,10,5,"<a href=""https://about.twitter.com/products/tweetdeck"" rel=""nofollow"">TweetDeck</a>"
225,2018-01-26 20:30:16+00:00,956987675743080448,yoâ€¦.yâ€™all seriously KILLED this! ğŸ‘  @tenorbuds #RavensHome #FanFriday https://t.co/ZiHylIFFp7,ravensymone,282,47,"<a href=""http://www.hootsuite.com"" rel=""nofollow"">Hootsuite</a>"
226,2018-01-25 22:19:14+00:00,956652709112791041,@Bettawerk83 Yasssss!,ravensymone,9,0,"<a href=""https://about.twitter.com/products/tweetdeck"" rel=""nofollow"">TweetDeck</a>"
227,2018-01-25 22:18:54+00:00,956652626971521024,@Quinsepticeye Love it!,ravensymone,2,0,"<a href=""https://about.twitter.com/products/tweetdeck"" rel=""nofollow"">TweetDeck</a>"
228,2018-01-25 22:15:06+00:00,956651670095605767,@tenhobad @Zendaya ğŸ’œ,ravensymone,7,1,"<a href=""https://about.twitter.com/products/tweetdeck"" rel=""nofollow"">TweetDeck</a>"
229,2018-01-25 20:30:33+00:00,956625358178148354,#TBT to guest starring on KC Undercover with @zendaya ğŸ’œ https://t.co/ILNFDXL0xS,ravensymone,875,119,"<a href=""http://www.hootsuite.com"" rel=""nofollow"">Hootsuite</a>"
230,2018-01-24 20:30:37+00:00,956262989442764800,It does all the talking for you! âœ¨ #energy #WednesdayWisdom https://t.co/oHacPP6x8A,ravensymone,203,68,"<a href=""http://www.hootsuite.com"" rel=""nofollow"">Hootsuite</a>"
231,2018-01-23 20:00:52+00:00,955893112836108291,When your boss walks in and you gotta pretend to look busy working ğŸ˜… https://t.co/8QV7rx1j78,ravensymone,907,156,"<a href=""http://www.hootsuite.com"" rel=""nofollow"">Hootsuite</a>"
232,2018-01-23 00:03:33+00:00,955591797144805376,When the weekend is overâ€¦.#MondayMood https://t.co/oIVqZx51QG,ravensymone,756,141,"<a href=""http://www.hootsuite.com"" rel=""nofollow"">Hootsuite</a>"
233,2018-01-19 22:00:57+00:00,954473782554501121,Remember when I stopped by @anneliesevdp 's NYC Solo Concert Debut for a little nostalgia? ğŸ˜‰ #thatssoraven https://t.co/1ExXuPJeQ6,ravensymone,1833,559,"<a href=""http://twitter.com"" rel=""nofollow"">Twitter Web Client</a>"
234,2018-01-19 18:31:24+00:00,954421048698482688,@CharlotteLH20 @anneliesevdp never too old! ;),ravensymone,6,0,"<a href=""http://twitter.com"" rel=""nofollow"">Twitter Web Client</a>"
235,2018-01-19 18:29:54+00:00,954420670003216384,@ilpip_92 @RavensHome ğŸ˜˜,ravensymone,5,0,"<a href=""http://twitter.com"" rel=""nofollow"">Twitter Web Client</a>"
236,2018-01-19 18:26:20+00:00,954419773168697344,@JennaRoseSimon ğŸ’œ,ravensymone,2,0,"<a href=""http://twitter.com"" rel=""nofollow"">Twitter Web Client</a>"
237,2018-01-18 21:33:49+00:00,954104565267419137,@BradmanTV @constantbeauti totally! so cute ğŸ’œ,ravensymone,5,0,"<a href=""http://twitter.com"" rel=""nofollow"">Twitter Web Client</a>"
238,2018-01-18 20:00:47+00:00,954081154289807360,"Happy 50th Anniversary @RedLobster! Thanks for always making me feel at home no matter how far I am, and of... https://t.co/vgY2Pms0Be",ravensymone,68,12,"<a href=""http://www.facebook.com/twitter"" rel=""nofollow"">Facebook</a>"
239,2018-01-18 20:00:41+00:00,954081126552952838,"Happy 50th Anniversary @RedLobster! Thanks for always making me feel at home no matter how far I am, and of course, for your delicious shrimp scampi! #AD https://t.co/mmA6Sz4aw3",ravensymone,314,34,"<a href=""http://www.hootsuite.com"" rel=""nofollow"">Hootsuite</a>"
